month,day,sunrise,sunset
5,1,453,1848
5,2,452,1849
5,3,450,1850
5,4,449,1851
5,5,448,1852
5,6,447,1853
5,7,446,1854
5,8,445,1855
5,9,444,1856
5,10,442,1857
5,11,441,1858
5,12,440,1859
5,13,439,1900
5,14,438,1901
5,15,438,1902
5,16,437,1903
5,17,436,1904
5,18,435,1905
5,19,434,1905
5,20,433,1906
5,21,432,1907
5,22,432,1908
5,23,431,1909
5,24,430,1910
5,25,430,1911
5,26,429,1911
5,27,428,1912
5,28,428,1913
5,29,427,1914
5,30,427,1915
5,31,426,1915
6,1,426,1916
6,2,426,1917
6,3,425,1918
6,4,425,1918
6,5,425,1919
6,6,424,1919
6,7,424,1920
6,8,424,1921
6,9,424,1921
6,10,423,1922
6,11,423,1922
6,12,423,1923
6,13,423,1923
6,14,423,1924
6,15,423,1924
6,16,423,1924
6,17,423,1925
6,18,423,1925
6,19,424,1925
6,20,424,1925
6,21,424,1926
6,22,424,1926
6,23,424,1926
6,24,425,1926
6,25,425,1926
6,26,425,1926
6,27,426,1926
6,28,426,1926
6,29,427,1926
6,30,427,1926
7,1,428,1926
7,2,428,1926
7,3,429,1926
7,4,429,1926
7,5,430,1925
7,6,430,1925
7,7,431,1925
7,8,432,1924
7,9,432,1924
7,10,433,1924
7,11,434,1923
7,12,434,1923
7,13,435,1922
7,14,436,1922
7,15,437,1921
7,16,437,1920
7,17,438,1920
7,18,439,1919
7,19,440,1918
7,20,441,1918
7,21,441,1917
7,22,442,1916
7,23,443,1915
7,24,444,1915
7,25,445,1914
7,26,446,1913
7,27,447,1912
7,28,448,1911
7,29,448,1910
7,30,449,1909
7,31,450,1908
8,1,451,1907
8,2,452,1906
8,3,453,1905
8,4,454,1904
8,5,455,1902
8,6,456,1901
8,7,457,1900
8,8,458,1859
8,9,459,1858
8,10,500,1856
8,11,501,1855
8,12,502,1854
8,13,503,1852
8,14,504,1851
8,15,504,1850
8,16,505,1848
8,17,506,1847
8,18,507,1846
8,19,508,1844
8,20,509,1843
8,21,510,1841
8,22,511,1840
8,23,512,1838
8,24,513,1837
8,25,514,1835
8,26,515,1834
8,27,516,1832
8,28,517,1831
8,29,518,1829
8,30,519,1828
8,31,520,1826
9,1,521,1825
9,2,522,1823
9,3,523,1821
9,4,524,1820
9,5,524,1818
9,6,525,1816
9,7,526,1815
9,8,527,1813
9,9,528,1812
9,10,529,1810
9,11,530,1808
9,12,531,1807
9,13,532,1805
9,14,533,1803
9,15,534,1802
9,16,535,1800
9,17,536,1758
9,18,537,1757
9,19,538,1755
9,20,539,1753
9,21,540,1752
9,22,541,1750
9,23,542,1748
9,24,543,1747
9,25,544,1745
9,26,544,1743
9,27,545,1742
9,28,546,1740
9,29,547,1739
9,30,548,1737
10,1,549,1735
10,2,550,1734
10,3,551,1732
10,4,552,1730
10,5,553,1729
10,6,554,1727
10,7,555,1726
10,8,556,1724
10,9,557,1722
10,10,558,1721
10,11,559,1719
10,12,600,1718
10,13,602,1716
10,14,603,1715
10,15,604,1713
10,16,605,1712
10,17,606,1710
10,18,607,1709
10,19,608,1707
10,20,609,1706
10,21,610,1705
10,22,611,1703
10,23,612,1702
10,24,613,1700
10,25,614,1659
10,26,616,1658
10,27,617,1657
10,28,618,1655
10,29,619,1654
10,30,620,1653
10,31,621,1652
